<?xml version="1.0" encoding="UTF-8"?>
<project-private xmlns="http://www.netbeans.org/ns/project-private/1">
    <editor-bookmarks xmlns="http://www.netbeans.org/ns/editor-bookmarks/2" lastBookmarkId="0"/>
    <open-files xmlns="http://www.netbeans.org/ns/projectui-open-files/2">
        <group>
            <file>file:/D:/Desktop/Encryption%20Scheme/web/pub1.jsp</file>
            <file>file:/D:/Desktop/Encryption%20Scheme/web/uregact.jsp</file>
            <file>file:/D:/Desktop/Encryption%20Scheme/web/vd1.jsp</file>
            <file>file:/D:/Desktop/Encryption%20Scheme/web/assets/img/features-3.png</file>
            <file>file:/D:/Desktop/Encryption%20Scheme/web/assets/img/features-4.png</file>
            <file>file:/D:/Desktop/Encryption%20Scheme/web/req1.jsp</file>
            <file>file:/D:/Desktop/Encryption%20Scheme/web/uvf1.jsp</file>
            <file>file:/D:/Desktop/Encryption%20Scheme/web/cvf.jsp</file>
            <file>file:/D:/Desktop/Encryption%20Scheme/web/assets/img/apple-touch-icon.png</file>
            <file>file:/D:/Desktop/Encryption%20Scheme/web/req.jsp</file>
            <file>file:/D:/Desktop/Encryption%20Scheme/web/d4.jsp</file>
            <file>file:/D:/Desktop/Encryption%20Scheme/web/sregact.jsp</file>
            <file>file:/D:/Desktop/Encryption%20Scheme/web/cact.jsp</file>
            <file>file:/D:/Desktop/Encryption%20Scheme/web/ohome.jsp</file>
            <file>file:/D:/Desktop/Encryption%20Scheme/web/cloud.jsp</file>
            <file>file:/D:/Desktop/Encryption%20Scheme/web/vf.jsp</file>
            <file>file:/D:/Desktop/Encryption%20Scheme/web/upload.jsp</file>
            <file>file:/D:/Desktop/Encryption%20Scheme/web/assets/img/features-2.png</file>
            <file>file:/D:/Desktop/Encryption%20Scheme/web/chome.jsp</file>
            <file>file:/D:/Desktop/Encryption%20Scheme/web/assets/img/hero1.jpg</file>
            <file>file:/D:/Desktop/Encryption%20Scheme/web/user.jsp</file>
            <file>file:/D:/Desktop/Encryption%20Scheme/web/d1.jsp</file>
            <file>file:/D:/Desktop/Encryption%20Scheme/web/assets/img/about-img.jpg</file>
            <file>file:/D:/Desktop/Encryption%20Scheme/web/owner.jsp</file>
            <file>file:/D:/Desktop/Encryption%20Scheme/web/assets/img/features-1.png</file>
            <file>file:/D:/Desktop/Encryption%20Scheme/web/res.jsp</file>
            <file>file:/D:/Desktop/Encryption%20Scheme/web/d2.jsp</file>
            <file>file:/D:/Desktop/Encryption%20Scheme/web/res1.jsp</file>
            <file>file:/D:/Desktop/Encryption%20Scheme/web/assets/img/favicon.png</file>
            <file>file:/D:/Desktop/Encryption%20Scheme/web/uvf.jsp</file>
            <file>file:/D:/Desktop/Encryption%20Scheme/web/pri1.jsp</file>
            <file>file:/D:/Desktop/Encryption%20Scheme/web/uact.jsp</file>
            <file>file:/D:/Desktop/Encryption%20Scheme/web/pri.jsp</file>
            <file>file:/D:/Desktop/Encryption%20Scheme/web/oreg.jsp</file>
            <file>file:/D:/Desktop/Encryption%20Scheme/web/index.html</file>
            <file>file:/D:/Desktop/Encryption%20Scheme/web/ureg.jsp</file>
            <file>file:/D:/Desktop/Encryption%20Scheme/web/oact.jsp</file>
            <file>file:/D:/Desktop/Encryption%20Scheme/web/assets/img/hero-bg.jpg</file>
            <file>file:/D:/Desktop/Encryption%20Scheme/web/vd2.jsp</file>
            <file>file:/D:/Desktop/Encryption%20Scheme/web/vd.jsp</file>
            <file>file:/D:/Desktop/Encryption%20Scheme/web/pub.jsp</file>
            <file>file:/D:/Desktop/Encryption%20Scheme/web/d3.jsp</file>
            <file>file:/D:/Desktop/Encryption%20Scheme/web/uhome.jsp</file>
        </group>
    </open-files>
</project-private>
